{
  "images" : [
    {
      "idiom" : "universal",
      "scale" : "1x"
    },
    {
      "resizing" : {
        "mode" : "9-part",
        "center" : {
          "mode" : "tile",
          "width" : 104,
          "height" : 41
        },
        "cap-insets" : {
          "bottom" : 3,
          "top" : 82,
          "right" : 84,
          "left" : 18
        }
      },
      "idiom" : "universal",
      "filename" : "cell_background_white@2x.png",
      "scale" : "2x"
    },
    {
      "resizing" : {
        "mode" : "9-part",
        "center" : {
          "mode" : "tile",
          "width" : 223,
          "height" : 85
        },
        "cap-insets" : {
          "bottom" : 5,
          "top" : 164,
          "right" : 150,
          "left" : 41
        }
      },
      "idiom" : "universal",
      "filename" : "cell_background_white@3x.png",
      "scale" : "3x"
    }
  ],
  "info" : {
    "version" : 1,
    "author" : "xcode"
  }
}