{
  "images" : [
    {
      "idiom" : "universal",
      "scale" : "1x"
    },
    {
      "resizing" : {
        "mode" : "9-part",
        "center" : {
          "mode" : "tile",
          "width" : 127,
          "height" : 43
        },
        "cap-insets" : {
          "bottom" : 3,
          "top" : 79,
          "right" : 21,
          "left" : 69
        }
      },
      "idiom" : "universal",
      "filename" : "cell_background_white_mirror@2x.png",
      "scale" : "2x"
    },
    {
      "resizing" : {
        "mode" : "9-part",
        "center" : {
          "mode" : "tile",
          "width" : 258,
          "height" : 95
        },
        "cap-insets" : {
          "bottom" : 5,
          "top" : 145,
          "right" : 41,
          "left" : 104
        }
      },
      "idiom" : "universal",
      "filename" : "cell_background_white_mirror@3x.png",
      "scale" : "3x"
    }
  ],
  "info" : {
    "version" : 1,
    "author" : "xcode"
  }
}